metric_type,country,Quarter,zone,Average,Min,Max,Country,2021 carbon stock (million t),Norm Min,Norm Max,Norm Average,Average Score,Total Average Score,Max Score,Min Score
GWIS Weekly Burnt Areas,Brazil,Q1,America,68631.37307692308,14775.384615384615,203898.92307692306,Brazil,51894.2395,0.28472109347290103,3.929124408440807,1.3225239205388697,2,1.5,2,2
GWIS Weekly Burnt Areas,Brazil,Q2,America,129530.25692307691,73905.0,222319.38461538462,Brazil,51894.2395,1.4241465085927312,4.284085994080029,2.4960430708899186,3,1.8,2,2
GWIS Weekly Burnt Areas,Brazil,Q3,America,1475989.0507692308,639874.5384615385,2412370.846153846,Brazil,51894.2395,12.330357755055616,46.48629345755892,28.442252261336844,4,3.2,4,2
GWIS Weekly Burnt Areas,Brazil,Q4,America,731049.4161538462,240696.61538461538,1610422.1538461538,Brazil,51894.2395,4.638214524458256,31.03277298911286,14.087294142808396,4,2.8,4,3
GWIS Weekly Burnt Areas,Finland,Q1,Europe,0.0,0.0,0.0,Finland,863.4188,0.0,0.0,0.0,1,1.2,1,1
GWIS Weekly Burnt Areas,Finland,Q2,Europe,54.35307692307693,0.0,352.2307692307692,Finland,863.4188,0.0,0.40794892262106086,0.06295100005128093,1,1.3,1,1
GWIS Weekly Burnt Areas,Finland,Q3,Europe,33.05076923076923,0.0,278.46153846153845,Finland,863.4188,0.0,0.3225103952584058,0.03827895481401288,2,1.8,2,1
GWIS Weekly Burnt Areas,Finland,Q4,Europe,3.7946153846153843,0.0,39.69230769230769,Finland,863.4188,0.0,0.04597109501473409,0.004394872319916342,1,1.2,1,1
GWIS Weekly Burnt Areas,Hungary,Q1,Europe,340.8961538461538,0.0,1751.076923076923,Hungary,136.7524,0.0,12.8047253509037,2.492798326363222,3,2.8,3,1
GWIS Weekly Burnt Areas,Hungary,Q2,Europe,104.35230769230769,0.0,602.3846153846154,Hungary,136.7524,0.0,4.404929020511635,0.7630747810810464,2,2.5,2,1
GWIS Weekly Burnt Areas,Hungary,Q3,Europe,148.48,0.0,753.1538461538462,Hungary,136.7524,0.0,5.507426898203222,1.0857579099160233,3,3.2,3,1
GWIS Weekly Burnt Areas,Hungary,Q4,Europe,97.69307692307692,0.0,575.1538461538462,Hungary,136.7524,0.0,4.205804403826523,0.714379249819944,2,2.3,2,1
GWIS Weekly Burnt Areas,Iceland,Q1,Europe,39.69307692307692,0.0,428.15384615384613,Iceland,0.7915,0.0,540.9397929928568,50.14918120414014,4,3.8,5,1
GWIS Weekly Burnt Areas,Iceland,Q2,Europe,72.55846153846154,0.0,865.6153846153846,Iceland,0.7915,0.0,1093.6391467029496,91.67209291024832,5,4.7,5,1
GWIS Weekly Burnt Areas,Iceland,Q3,Europe,283.6469230769231,0.0,2689.923076923077,Iceland,0.7915,0.0,3398.5130472812093,358.3662957383741,5,4.2,5,1
GWIS Weekly Burnt Areas,Iceland,Q4,Europe,81.22461538461539,0.0,818.6923076923077,Iceland,0.7915,0.0,1034.3554108557269,102.62111861606493,5,4.0,5,1
GWIS Weekly Burnt Areas,India,Q1,Asia,260730.07153846155,49290.07692307692,650845.6153846154,India,3005.6956,16.39889179831681,216.53743492342184,86.74533493626619,5,4.2,5,3
GWIS Weekly Burnt Areas,India,Q2,Asia,175728.20538461537,59376.846153846156,385848.1538461539,India,3005.6956,19.75477694875228,128.37233213042396,58.465070576213826,5,3.8,4,3
GWIS Weekly Burnt Areas,India,Q3,Asia,1419.853076923077,206.92307692307693,3383.5384615384614,India,3005.6956,0.06884365699676206,1.1257089578660133,0.472387515529875,2,1.8,2,1
GWIS Weekly Burnt Areas,India,Q4,Asia,97305.60230769232,25492.153846153848,187143.38461538462,India,3005.6956,8.481282617625633,62.26291997612287,32.37373814823175,4,3.3,4,3
GWIS Weekly Burnt Areas,Israel,Q1,Asia,6.352307692307692,0.0,76.23076923076923,Israel,0.6244,0.0,122.08643374562658,10.173458828167348,4,4.7,4,1
GWIS Weekly Burnt Areas,Israel,Q2,Asia,178.42923076923077,0.0,850.1538461538462,Israel,0.6244,0.0,1361.553244961317,285.7610998866605,5,5.0,5,1
GWIS Weekly Burnt Areas,Israel,Q3,Asia,186.60307692307694,0.0,689.4615384615385,Israel,0.6244,0.0,1104.1984920908687,298.851820824915,5,5.0,5,1
GWIS Weekly Burnt Areas,Israel,Q4,Asia,83.80153846153847,0.0,414.38461538461536,Israel,0.6244,0.0,663.6524910067511,134.21130439067662,5,5.0,5,1
GWIS Weekly Burnt Areas,Italy,Q1,Europe,713.6038461538462,0.0,3614.0,Italy,663.7759,0.0,5.444608639753266,1.075067422836301,2,2.0,2,1
GWIS Weekly Burnt Areas,Italy,Q2,Europe,1235.583076923077,40.69230769230769,4018.3076923076924,Italy,663.7759,0.06130428611871521,6.053711338883639,1.8614461249995322,2,2.3,2,1
GWIS Weekly Burnt Areas,Italy,Q3,Europe,9403.845384615384,1547.6153846153845,29182.69230769231,Italy,663.7759,2.3315329535395675,43.964675890902804,14.167199177637189,4,3.5,4,2
GWIS Weekly Burnt Areas,Italy,Q4,Europe,764.7753846153846,23.076923076923077,3648.4615384615386,Italy,663.7759,0.03476613579511259,5.4965260692073015,1.1521590112195768,2,1.8,2,1
GWIS Weekly Burnt Areas,Mexico,Q1,America,54348.840000000004,14365.0,118251.76923076923,Mexico,2022.0035,7.104339829283184,58.48247504555221,26.878707183246718,4,3.5,4,3
GWIS Weekly Burnt Areas,Mexico,Q2,America,278577.17307692306,108156.15384615384,475751.8461538461,Mexico,2022.0035,53.48959774112846,235.28735046890182,137.77284415033063,5,4.3,5,3
GWIS Weekly Burnt Areas,Mexico,Q3,America,9460.776153846153,3293.5384615384614,22409.384615384617,Mexico,2022.0035,1.6288490408342327,11.082762525081987,4.678911858385088,3,2.8,3,2
GWIS Weekly Burnt Areas,Mexico,Q4,America,7656.525384615385,1899.7692307692307,17131.46153846154,Mexico,2022.0035,0.9395479437939799,8.472518241665526,3.7866034280432177,3,2.8,3,2
GWIS Weekly Burnt Areas,Russia,Q1,Europe,76129.12230769232,9046.923076923076,232867.53846153847,Russia,40896.0299,0.22121763650517764,5.694135568439089,1.8615284293816579,3,2.0,2,2
GWIS Weekly Burnt Areas,Russia,Q2,Europe,564981.4361538461,139974.61538461538,1346323.4615384615,Russia,40896.0299,3.422694470022758,32.92063960317237,13.815068052702252,4,2.7,3,2
GWIS Weekly Burnt Areas,Russia,Q3,Europe,459368.0961538461,116870.46153846153,1069591.5384615385,Russia,40896.0299,2.8577458942649474,26.153921079306,11.232584123131378,4,3.0,4,2
GWIS Weekly Burnt Areas,Russia,Q4,Europe,61939.057692307695,15450.615384615385,158720.23076923078,Russia,40896.0299,0.3778023300157892,3.881066968048915,1.5145494035426577,3,2.0,2,2
GWIS Weekly Burnt Areas,Saudi Arabia,Q1,Asia,109.21846153846153,0.0,482.9230769230769,Saudi Arabia,16.1889,0.0,29.83050589744065,6.746502945750578,3,3.7,3,1
GWIS Weekly Burnt Areas,Saudi Arabia,Q2,Asia,214.85230769230768,0.0,955.6923076923077,Saudi Arabia,16.1889,0.0,59.033801412838905,13.271581620264977,4,4.5,4,1
GWIS Weekly Burnt Areas,Saudi Arabia,Q3,Asia,194.79461538461538,0.0,919.0769230769231,Saudi Arabia,16.1889,0.0,56.77204276244359,12.032603536041076,4,4.5,4,1
GWIS Weekly Burnt Areas,Saudi Arabia,Q4,Asia,129.66076923076923,0.0,636.5384615384615,Saudi Arabia,16.1889,0.0,39.31943872273357,8.009238998991236,4,4.3,4,1
GWIS Weekly Burnt Areas,Spain,Q1,Europe,2647.3469230769233,10.923076923076923,12018.23076923077,Spain,714.2029,0.015294080888045852,16.82747405426493,3.706715448896838,3,2.7,3,2
GWIS Weekly Burnt Areas,Spain,Q2,Europe,2133.1415384615384,23.923076923076923,14048.23076923077,Spain,714.2029,0.03349619124072014,19.66980359395176,2.986744436996179,3,2.2,3,1
GWIS Weekly Burnt Areas,Spain,Q3,Europe,5817.570769230769,457.53846153846155,26611.923076923078,Spain,714.2029,0.640628120578146,37.2610123494641,8.14554347123313,4,3.0,4,1
GWIS Weekly Burnt Areas,Spain,Q4,Europe,1519.7884615384614,31.53846153846154,8593.0,Spain,714.2029,0.044158965944357746,12.031594943117705,2.1279505607418585,3,2.7,3,2
GWIS Weekly Burnt Areas,Uganda,Q1,Africa,102813.51923076923,11948.76923076923,274348.46153846156,Uganda,128.3824,93.07170788806901,2136.963178274137,800.8381151214594,5,4.7,5,3
GWIS Weekly Burnt Areas,Uganda,Q2,Africa,1336.1853846153847,17.46153846153846,4633.0,Uganda,128.3824,0.13601193357920136,36.08750109049216,10.40785485094051,4,3.3,3,1
GWIS Weekly Burnt Areas,Uganda,Q3,Africa,5738.34,243.0,24103.076923076922,Uganda,128.3824,1.8927828113510887,187.74440206038307,44.69724822093995,5,4.0,5,2
GWIS Weekly Burnt Areas,Uganda,Q4,Africa,45049.398461538454,2732.153846153846,144333.61538461538,Uganda,128.3824,21.28137381879328,1124.247680247568,350.90011139796775,5,4.7,5,3
GWIS Weekly Burnt Areas,Ukraine,Q1,Europe,13689.216923076923,84.23076923076923,49848.692307692305,Ukraine,826.4796,0.10191512195917386,60.314486053487954,16.563284711536646,4,3.2,4,2
GWIS Weekly Burnt Areas,Ukraine,Q2,Europe,10501.789999999999,214.6153846153846,38818.307692307695,Ukraine,826.4796,0.25967414636173064,46.968258735373134,12.706653618552712,4,3.3,4,2
GWIS Weekly Burnt Areas,Ukraine,Q3,Europe,42596.00615384615,6899.692307692308,126570.15384615384,Ukraine,826.4796,8.348291122602793,153.1437120119527,51.539089596217686,5,4.2,5,2
GWIS Weekly Burnt Areas,Ukraine,Q4,Europe,13523.17153846154,508.53846153846155,62615.692307692305,Ukraine,826.4796,0.615306731755341,75.7619332742058,16.362377895911212,4,3.3,4,2
GWIS Weekly Burnt Areas,United Kingdom,Q1,Europe,398.5776923076923,0.0,2568.230769230769,United Kingdom,257.98,0.0,9.955154543882351,1.5449945434052728,2,2.5,3,1
GWIS Weekly Burnt Areas,United Kingdom,Q2,Europe,485.21153846153845,0.0,2829.923076923077,United Kingdom,257.98,0.0,10.969544448883932,1.8808106770351904,2,2.5,3,1
GWIS Weekly Burnt Areas,United Kingdom,Q3,Europe,103.57692307692308,0.0,611.6923076923077,United Kingdom,257.98,0.0,2.3710842223905253,0.4014920655745526,2,2.7,2,1
GWIS Weekly Burnt Areas,United Kingdom,Q4,Europe,41.58307692307692,0.0,319.38461538461536,United Kingdom,257.98,0.0,1.2380208364393184,0.16118721188881666,2,2.2,2,1
GWIS Weekly Burnt Areas,United States,Q1,America,98022.36538461539,27415.846153846152,201418.92307692306,United States,17704.7843,1.5484993033123908,11.376525105528852,5.536490234711043,3,2.5,3,2
GWIS Weekly Burnt Areas,United States,Q2,America,112122.62307692309,43646.07692307692,269860.46153846156,United States,17704.7843,2.4652137062792074,15.242233792052557,6.332899694063095,3,2.5,3,2
GWIS Weekly Burnt Areas,United States,Q3,America,162026.10923076922,50973.92307692308,501854.8461538461,United States,17704.7843,2.8791044394098084,28.3457193067213,9.15154381354249,4,3.2,4,2
GWIS Weekly Burnt Areas,United States,Q4,America,77901.26923076923,24876.76923076923,141022.07692307694,United States,17704.7843,1.4050873938503297,7.965195990728729,4.400012330608808,3,2.3,3,2
GWIS Weekly Emissions - [CO2] - Carbon Dioxide,Brazil,Q1,America,1.5846153846153845,0.6684615384615384,4.096923076923077,Brazil,51894.2395,1.2881228145978291e-05,7.894755017891874e-05,3.053547753822242e-05,1,1.5,1,1
GWIS Weekly Emissions - [CO2] - Carbon Dioxide,Brazil,Q2,America,2.433846153846154,0.9561538461538461,6.996153846153846,Brazil,51894.2395,1.842504785437401e-05,0.00013481561563598684,4.6900121811133854e-05,1,1.8,1,1
GWIS Weekly Emissions - [CO2] - Carbon Dioxide,Brazil,Q3,America,29.787692307692307,8.157692307692308,74.17,Brazil,51894.2395,0.00015719841713245084,0.0014292530484043416,0.0005740076855291868,2,3.2,2,2
GWIS Weekly Emissions - [CO2] - Carbon Dioxide,Brazil,Q4,America,15.470769230769232,5.22,34.03692307692308,Brazil,51894.2395,0.00010058919930795016,0.0006558901990831387,0.0002981211282760822,2,2.8,2,2
GWIS Weekly Emissions - [CO2] - Carbon Dioxide,Finland,Q1,Europe,0.20692307692307693,0.0,3.4438461538461542,Finland,863.4188,0.0,0.0039886161314140415,0.0002396555147085944,2,1.2,3,1
GWIS Weekly Emissions - [CO2] - Carbon Dioxide,Finland,Q2,Europe,7.256923076923077,0.0,49.25307692307692,Finland,863.4188,0.0,0.057044248889504046,0.0084048703559884,3,1.3,3,1
GWIS Weekly Emissions - [CO2] - Carbon Dioxide,Finland,Q3,Europe,4.42,0.0,36.43538461538461,Finland,863.4188,0.0,0.042198970667982456,0.005119184340206629,3,1.8,3,1
GWIS Weekly Emissions - [CO2] - Carbon Dioxide,Finland,Q4,Europe,0.3646153846153846,0.0,5.062307692307693,Finland,863.4188,0.0,0.005863096439766765,0.00042229261699581317,2,1.2,3,1
GWIS Weekly Emissions - [CO2] - Carbon Dioxide,Hungary,Q1,Europe,3.7353846153846155,0.0,20.33153846153846,Hungary,136.7524,0.0,0.14867408880237906,0.02731494741872622,4,2.8,4,1
GWIS Weekly Emissions - [CO2] - Carbon Dioxide,Hungary,Q2,Europe,1.9915384615384615,0.0,13.685384615384615,Hungary,136.7524,0.0,0.10007418235719896,0.01456309696603834,4,2.5,4,1
GWIS Weekly Emissions - [CO2] - Carbon Dioxide,Hungary,Q3,Europe,3.263076923076923,0.01846153846153846,23.058461538461536,Hungary,136.7524,0.00013499974012550026,0.16861467541674982,0.023861204067182173,4,3.2,4,2
GWIS Weekly Emissions - [CO2] - Carbon Dioxide,Hungary,Q4,Europe,2.077692307692308,0.007692307692307693,14.850000000000001,Hungary,136.7524,5.624989171895845e-05,0.10859041596344929,0.015193095753290677,4,2.3,4,2
GWIS Weekly Emissions - [CO2] - Carbon Dioxide,Iceland,Q1,Europe,0.0,0.0,0.0,Iceland,0.7915,0.0,0.0,0.0,1,3.8,1,1
GWIS Weekly Emissions - [CO2] - Carbon Dioxide,Iceland,Q2,Europe,0.17153846153846153,0.0,3.6092307692307695,Iceland,0.7915,0.0,4.559988337625735,0.21672578842509355,5,4.7,5,1
GWIS Weekly Emissions - [CO2] - Carbon Dioxide,Iceland,Q3,Europe,0.0,0.0,0.0,Iceland,0.7915,0.0,0.0,0.0,1,4.2,1,1
GWIS Weekly Emissions - [CO2] - Carbon Dioxide,Iceland,Q4,Europe,0.0,0.0,0.0,Iceland,0.7915,0.0,0.0,0.0,1,4.0,1,1
GWIS Weekly Emissions - [CO2] - Carbon Dioxide,India,Q1,Asia,3.3123076923076926,0.69,6.806153846153847,India,3005.6956,0.00022956416478102438,0.0022644188740050214,0.0011020103606990982,3,4.2,2,2
GWIS Weekly Emissions - [CO2] - Carbon Dioxide,India,Q2,Asia,1.3923076923076925,0.36538461538461536,4.069999999999999,India,3005.6956,0.00012156407834000734,0.0013540958705199552,0.00046322311956929123,2,3.8,2,2
GWIS Weekly Emissions - [CO2] - Carbon Dioxide,India,Q3,Asia,0.07461538461538461,0.026153846153846153,0.22846153846153847,India,3005.6956,8.701428765389999e-06,7.600953950943617e-05,2.4824664418906762e-05,1,1.8,1,1
GWIS Weekly Emissions - [CO2] - Carbon Dioxide,India,Q4,Asia,0.42230769230769233,0.1469230769230769,0.8392307692307692,India,3005.6956,4.888155571145558e-05,0.0002792134936188379,0.00014050248212350323,2,3.3,2,2
GWIS Weekly Emissions - [CO2] - Carbon Dioxide,Israel,Q1,Asia,0.21230769230769228,0.0,2.036153846153846,Israel,0.6244,0.0,3.260976691469965,0.34001872566894986,5,4.7,5,1
GWIS Weekly Emissions - [CO2] - Carbon Dioxide,Israel,Q2,Asia,3.8846153846153846,0.0,23.189230769230768,Israel,0.6244,0.0,37.13842211600059,6.221357118218105,5,5.0,5,1
GWIS Weekly Emissions - [CO2] - Carbon Dioxide,Israel,Q3,Asia,3.8892307692307693,0.0,19.325384615384614,Israel,0.6244,0.0,30.950327699206625,6.228748829645691,5,5.0,5,1
GWIS Weekly Emissions - [CO2] - Carbon Dioxide,Israel,Q4,Asia,3.1123076923076924,0.0,34.70461538461539,Israel,0.6244,0.0,55.580742127827335,4.98447740600207,5,5.0,5,1
GWIS Weekly Emissions - [CO2] - Carbon Dioxide,Italy,Q1,Europe,0.016153846153846154,0.0007692307692307692,0.05153846153846153,Italy,663.7759,1.1588711931704199e-06,7.764436994241812e-05,2.4336295056578815e-05,1,2.0,1,1
GWIS Weekly Emissions - [CO2] - Carbon Dioxide,Italy,Q2,Europe,0.033846153846153845,0.00923076923076923,0.12076923076923077,Italy,663.7759,1.3906454318045036e-05,0.00018194277732775592,5.099033249949847e-05,1,2.3,1,1
GWIS Weekly Emissions - [CO2] - Carbon Dioxide,Italy,Q3,Europe,0.13076923076923078,0.026923076923076925,0.5269230769230769,Italy,663.7759,4.05604917609647e-05,0.0007938267673217376,0.00019700810283897137,2,3.5,2,2
GWIS Weekly Emissions - [CO2] - Carbon Dioxide,Italy,Q4,Europe,0.015384615384615385,0.0015384615384615385,0.05,Italy,663.7759,2.3177423863408398e-06,7.53266275560773e-05,2.3177423863408397e-05,1,1.8,1,1
GWIS Weekly Emissions - [CO2] - Carbon Dioxide,Mexico,Q1,America,0.9615384615384616,0.35615384615384615,2.2776923076923077,Mexico,2022.0035,0.00017613908489962858,0.001126453197381858,0.00047553748623009877,2,3.5,2,2
GWIS Weekly Emissions - [CO2] - Carbon Dioxide,Mexico,Q2,America,4.2907692307692304,1.7484615384615385,8.883846153846154,Mexico,2022.0035,0.0008647173649608117,0.004393585942777128,0.0021220384785531924,3,4.3,3,3
GWIS Weekly Emissions - [CO2] - Carbon Dioxide,Mexico,Q3,America,0.7876923076923077,0.1123076923076923,2.98,Mexico,2022.0035,5.5542778391675535e-05,0.0014737857773243221,0.0003895603087196969,2,2.8,2,2
GWIS Weekly Emissions - [CO2] - Carbon Dioxide,Mexico,Q4,America,0.31923076923076926,0.12307692307692308,0.7353846153846154,Mexico,2022.0035,6.0868798237452646e-05,0.00036369106946877955,0.00015787844542839281,2,2.8,2,2
GWIS Weekly Emissions - [CO2] - Carbon Dioxide,Russia,Q1,Europe,1.7623076923076921,0.17461538461538462,8.963076923076922,Russia,40896.0299,4.269739264235637e-06,0.00021916740928138166,4.309239054785834e-05,1,2.0,1,1
GWIS Weekly Emissions - [CO2] - Carbon Dioxide,Russia,Q2,Europe,19.91076923076923,3.164615384615385,92.43307692307692,Russia,40896.0299,7.73819706302441e-05,0.002260196824706374,0.00048686313266729173,2,2.7,2,2
GWIS Weekly Emissions - [CO2] - Carbon Dioxide,Russia,Q3,Europe,19.256153846153847,2.82,76.8123076923077,Russia,40896.0299,6.895534864620196e-05,0.0018782338500859638,0.000470856312782426,2,3.0,2,2
GWIS Weekly Emissions - [CO2] - Carbon Dioxide,Russia,Q4,Europe,3.031538461538461,0.5007692307692307,20.63153846153846,Russia,40896.0299,1.2244935070561232e-05,0.0005044875630223084,7.412794026587067e-05,2,2.0,2,1
GWIS Weekly Emissions - [CO2] - Carbon Dioxide,Saudi Arabia,Q1,Asia,0.07538461538461538,0.0038461538461538464,0.42076923076923073,Saudi Arabia,16.1889,0.00023757969016757445,0.025991218104332643,0.004656561927284459,3,3.7,3,2
GWIS Weekly Emissions - [CO2] - Carbon Dioxide,Saudi Arabia,Q2,Asia,0.31461538461538463,0.014615384615384615,1.6669230769230767,Saudi Arabia,16.1889,0.0009028028226367829,0.10296703771862675,0.01943401865570759,4,4.5,4,3
GWIS Weekly Emissions - [CO2] - Carbon Dioxide,Saudi Arabia,Q3,Asia,0.31769230769230766,0.013846153846153845,1.633846153846154,Saudi Arabia,16.1889,0.0008552868846032679,0.10092385238318563,0.019624082407841647,4,4.5,4,2
GWIS Weekly Emissions - [CO2] - Carbon Dioxide,Saudi Arabia,Q4,Asia,0.15846153846153846,0.006923076923076922,0.78,Saudi Arabia,16.1889,0.00042764344230163397,0.0481811611659841,0.009788283234904067,4,4.3,4,2
GWIS Weekly Emissions - [CO2] - Carbon Dioxide,Spain,Q1,Europe,0.05153846153846154,0.0007692307692307692,0.24846153846153846,Spain,714.2029,1.077047949862384e-06,0.00034788648780555,7.216221264077973e-05,2,2.7,1,1
GWIS Weekly Emissions - [CO2] - Carbon Dioxide,Spain,Q2,Europe,0.054615384615384614,0.0015384615384615385,0.34461538461538466,Spain,714.2029,2.154095899724768e-06,0.00048251748153834806,7.647040444022926e-05,1,2.2,1,1
GWIS Weekly Emissions - [CO2] - Carbon Dioxide,Spain,Q3,Europe,0.2323076923076923,0.014615384615384615,1.5161538461538462,Spain,714.2029,2.0463911047385296e-05,0.002122861509178759,0.00032526848085843996,2,3.0,2,1
GWIS Weekly Emissions - [CO2] - Carbon Dioxide,Spain,Q4,Europe,0.04692307692307692,0.0015384615384615385,0.33153846153846156,Spain,714.2029,2.154095899724768e-06,0.00046420766639068754,6.569992494160543e-05,2,2.7,2,1
GWIS Weekly Emissions - [CO2] - Carbon Dioxide,Uganda,Q1,Africa,1.2023076923076923,0.16923076923076924,3.313846153846154,Uganda,128.3824,0.0013181773298424804,0.025812308804370025,0.009365050757017258,4,4.7,3,3
GWIS Weekly Emissions - [CO2] - Carbon Dioxide,Uganda,Q2,Africa,0.023076923076923075,0.0,0.11153846153846153,Uganda,128.3824,0.0,0.0008687986946689074,0.0001797514540694291,2,3.3,2,1
GWIS Weekly Emissions - [CO2] - Carbon Dioxide,Uganda,Q3,Africa,0.08076923076923077,0.003076923076923077,0.3723076923076923,Uganda,128.3824,2.3966860542590552e-05,0.0028999901256534567,0.000629130089243002,2,4.0,2,2
GWIS Weekly Emissions - [CO2] - Carbon Dioxide,Uganda,Q4,Africa,0.746923076923077,0.030000000000000002,3.1392307692307693,Uganda,128.3824,0.0002336768902902579,0.02445218946857801,0.005817955396713857,4,4.7,3,2
GWIS Weekly Emissions - [CO2] - Carbon Dioxide,Ukraine,Q1,Europe,0.09076923076923078,0.003076923076923077,0.39,Ukraine,826.4796,3.7229268295588624e-06,0.00047188097564658586,0.00010982634147198646,2,3.2,2,1
GWIS Weekly Emissions - [CO2] - Carbon Dioxide,Ukraine,Q2,Europe,0.09153846153846154,0.005384615384615385,0.41384615384615386,Ukraine,826.4796,6.515121951728011e-06,0.000500733658575667,0.00011075707317937617,2,3.3,2,1
GWIS Weekly Emissions - [CO2] - Carbon Dioxide,Ukraine,Q3,Europe,0.24307692307692308,0.02153846153846154,1.0,Ukraine,826.4796,2.6060487806912043e-05,0.0012099512196066303,0.00029411121953515015,2,4.2,2,2
GWIS Weekly Emissions - [CO2] - Carbon Dioxide,Ukraine,Q4,Europe,0.06307692307692309,0.003076923076923077,0.34923076923076923,Ukraine,826.4796,3.7229268295588624e-06,0.00042255219515493093,7.632000000595669e-05,2,3.3,2,1
GWIS Weekly Emissions - [CO2] - Carbon Dioxide,United Kingdom,Q1,Europe,12.08,0.1346153846153846,57.33076923076923,United Kingdom,257.98,0.0005218055066880556,0.22222951093406165,0.04682533529730987,4,2.5,4,2
GWIS Weekly Emissions - [CO2] - Carbon Dioxide,United Kingdom,Q2,Europe,15.458461538461538,0.4253846153846154,112.52692307692307,United Kingdom,257.98,0.001648905401134256,0.436184677404927,0.059921162642303814,4,2.5,4,3
GWIS Weekly Emissions - [CO2] - Carbon Dioxide,United Kingdom,Q3,Europe,5.325384615384616,0.31923076923076926,21.227692307692305,United Kingdom,257.98,0.0012374244872888178,0.08228425578607762,0.020642625844579484,4,2.7,4,3
GWIS Weekly Emissions - [CO2] - Carbon Dioxide,United Kingdom,Q4,Europe,4.665384615384616,0.04230769230769231,25.52846153846154,United Kingdom,257.98,0.00016399601638767466,0.09895519628832287,0.01808428798893176,4,2.2,4,2
GWIS Weekly Emissions - [CO2] - Carbon Dioxide,United States,Q1,America,1.8707692307692307,0.7623076923076924,3.957692307692308,United States,17704.7843,4.305659303105389e-05,0.0002235380132641496,0.00010566461579366606,2,2.5,1,2
GWIS Weekly Emissions - [CO2] - Carbon Dioxide,United States,Q2,America,3.363846153846154,0.9023076923076924,11.662307692307694,United States,17704.7843,5.096406016692858e-05,0.0006587093914670112,0.00018999644936912077,2,2.5,2,2
GWIS Weekly Emissions - [CO2] - Carbon Dioxide,United States,Q3,America,6.081538461538462,1.0807692307692307,23.596153846153847,United States,17704.7843,6.10439083840875e-05,0.001332755793367889,0.0003434968965726661,2,3.2,2,2
GWIS Weekly Emissions - [CO2] - Carbon Dioxide,United States,Q4,America,1.6992307692307693,0.7253846153846154,5.380769230769231,United States,17704.7843,4.097110719302101e-05,0.000303916113271667,9.59757961711383e-05,2,2.3,2,2
GWIS Weekly Number of Fires,Brazil,Q1,America,195.59,47.92307692307692,426.38461538461536,Brazil,51894.2395,0.0009234758498209983,0.008216415145357614,0.0037690117801996116,2,1.5,2,2
GWIS Weekly Number of Fires,Brazil,Q2,America,379.60846153846154,217.6153846153846,683.0769230769231,Brazil,51894.2395,0.004193440094933555,0.013162866045602673,0.007315040459133456,2,1.8,2,2
GWIS Weekly Number of Fires,Brazil,Q3,America,2638.076153846154,1500.8461538461538,3618.0,Brazil,51894.2395,0.02892124768195425,0.06971872089964821,0.05083562605915352,4,3.2,4,2
GWIS Weekly Number of Fires,Brazil,Q4,America,1926.3215384615385,696.3846153846154,3670.3076923076924,Brazil,51894.2395,0.013419304764734347,0.07072668811935652,0.03712014198534576,4,2.8,3,3
GWIS Weekly Number of Fires,Finland,Q1,Europe,0.0,0.0,0.0,Finland,863.4188,0.0,0.0,0.0,1,1.2,1,1
GWIS Weekly Number of Fires,Finland,Q2,Europe,0.39692307692307693,0.0,2.4615384615384617,Finland,863.4188,0.0,0.002850920621068781,0.0004597109501473409,1,1.3,1,1
GWIS Weekly Number of Fires,Finland,Q3,Europe,0.18615384615384614,0.0,1.2307692307692308,Finland,863.4188,0.0,0.0014254603105343904,0.00021560087196832655,2,1.8,2,1
GWIS Weekly Number of Fires,Finland,Q4,Europe,0.025384615384615387,0.0,0.23076923076923078,Finland,863.4188,0.0,0.0002672738082251982,2.9400118904771804e-05,1,1.2,1,1
GWIS Weekly Number of Fires,Hungary,Q1,Europe,1.7046153846153846,0.0,8.153846153846153,Hungary,136.7524,0.0,0.05962488522209595,0.012464976004921191,3,2.8,3,1
GWIS Weekly Number of Fires,Hungary,Q2,Europe,0.5838461538461538,0.0,2.6923076923076925,Hungary,136.7524,0.0,0.019687462101635456,0.004269366781468945,2,2.5,2,1
GWIS Weekly Number of Fires,Hungary,Q3,Europe,0.8269230769230769,0.0,3.4615384615384617,Hungary,136.7524,0.0,0.0253124512735313,0.006046863359788032,3,3.2,3,1
GWIS Weekly Number of Fires,Hungary,Q4,Europe,0.6592307692307693,0.0,3.923076923076923,Hungary,136.7524,0.0,0.028687444776668805,0.004820615720314739,2,2.3,3,1
GWIS Weekly Number of Fires,Iceland,Q1,Europe,0.16615384615384615,0.0,1.3846153846153846,Iceland,0.7915,0.0,1.7493561397541182,0.2099227367704942,5,3.8,5,1
GWIS Weekly Number of Fires,Iceland,Q2,Europe,0.05,0.0,0.5384615384615384,Iceland,0.7915,0.0,0.6803051654599349,0.06317119393556539,4,4.7,5,1
GWIS Weekly Number of Fires,Iceland,Q3,Europe,0.3330769230769231,0.0,2.230769230769231,Iceland,0.7915,0.0,2.818407114048302,0.42081733806307403,5,4.2,5,1
GWIS Weekly Number of Fires,Iceland,Q4,Europe,0.3261538461538462,0.0,2.3846153846153846,Iceland,0.7915,0.0,3.012780018465426,0.4120705573643035,5,4.0,5,1
GWIS Weekly Number of Fires,India,Q1,Asia,678.8653846153846,147.46153846153845,1500.0,India,3005.6956,0.049060702774272436,0.4990525321326617,0.22585965944634734,5,4.2,4,3
GWIS Weekly Number of Fires,India,Q2,Asia,507.3715384615385,198.84615384615384,1042.0,India,3005.6956,0.06615645105450926,0.3466751589881557,0.1688033673341833,5,3.8,4,3
GWIS Weekly Number of Fires,India,Q3,Asia,6.668461538461538,1.1538461538461537,14.692307692307692,India,3005.6956,0.00038388656317897053,0.004888155571145559,0.002218608410798997,2,1.8,2,1
GWIS Weekly Number of Fires,India,Q4,Asia,291.3469230769231,79.84615384615384,598.0,India,3005.6956,0.02656495017198476,0.1989556094768878,0.09693161312706552,4,3.3,4,3
GWIS Weekly Number of Fires,Israel,Q1,Asia,0.03076923076923077,0.0,0.38461538461538464,Israel,0.6244,0.0,0.6159759522988223,0.049278076183905783,4,4.7,5,1
GWIS Weekly Number of Fires,Israel,Q2,Asia,0.5884615384615384,0.0,2.3076923076923075,Israel,0.6244,0.0,3.6958557137929335,0.942443207017198,5,5.0,5,1
GWIS Weekly Number of Fires,Israel,Q3,Asia,0.6676923076923077,0.0,2.3076923076923075,Israel,0.6244,0.0,3.6958557137929335,1.0693342531907555,5,5.0,5,1
GWIS Weekly Number of Fires,Israel,Q4,Asia,0.32076923076923075,0.0,1.5384615384615385,Israel,0.6244,0.0,2.463903809195289,0.5137239442172178,5,5.0,5,1
GWIS Weekly Number of Fires,Italy,Q1,Europe,2.353076923076923,0.0,9.76923076923077,Italy,663.7759,0.0,0.014717664153264332,0.003544986979908314,2,2.0,2,1
GWIS Weekly Number of Fires,Italy,Q2,Europe,4.986923076923077,0.23076923076923078,14.153846153846153,Italy,663.7759,0.00034766135795112597,0.021323229954335724,0.007512961945323832,3,2.3,2,1
GWIS Weekly Number of Fires,Italy,Q3,Europe,34.04615384615385,7.0,86.46153846153847,Italy,663.7759,0.01054572785785082,0.13025712211235518,0.051291639009722785,4,3.5,4,2
GWIS Weekly Number of Fires,Italy,Q4,Europe,2.960769230769231,0.15384615384615385,9.692307692307692,Italy,663.7759,0.00023177423863408398,0.01460177703394729,0.004460495222512946,2,1.8,2,2
GWIS Weekly Number of Fires,Mexico,Q1,America,157.69846153846154,47.53846153846154,305.46153846153845,Mexico,2022.0035,0.023510573319216084,0.1510687486255778,0.07799119118164807,4,3.5,4,3
GWIS Weekly Number of Fires,Mexico,Q2,America,743.2446153846154,339.15384615384613,1166.923076923077,Mexico,2022.0035,0.16773158214308043,0.5771122932888478,0.36757830309621886,5,4.3,5,3
GWIS Weekly Number of Fires,Mexico,Q3,America,33.91615384615385,13.076923076923077,74.15384615384616,Mexico,2022.0035,0.006467309812729343,0.03667345093806522,0.01677353864429703,4,2.8,3,2
GWIS Weekly Number of Fires,Mexico,Q4,America,29.53846153846154,7.846153846153846,55.84615384615385,Mexico,2022.0035,0.003880385887637606,0.02761921720024414,0.014608511576988635,3,2.8,3,2
GWIS Weekly Number of Fires,Russia,Q1,Europe,253.7569230769231,43.15384615384615,709.6153846153846,Russia,40896.0299,0.0010552086904124195,0.017351693705979627,0.006204928050410172,3,2.0,2,2
GWIS Weekly Number of Fires,Russia,Q2,Europe,1102.1038461538462,426.6923076923077,2118.0,Russia,40896.0299,0.010433587532473603,0.05178986823853041,0.026948920197112976,3,2.7,3,2
GWIS Weekly Number of Fires,Russia,Q3,Europe,619.7184615384615,285.53846153846155,1185.3076923076924,Russia,40896.0299,0.0069820582153492005,0.028983441551809222,0.015153511552437061,3,3.0,3,2
GWIS Weekly Number of Fires,Russia,Q4,Europe,207.85846153846157,65.53846153846153,439.61538461538464,Russia,40896.0299,0.0016025629308937279,0.010749585856875184,0.00508260733491056,2,2.0,2,2
GWIS Weekly Number of Fires,Saudi Arabia,Q1,Asia,0.4423076923076923,0.0,1.6923076923076923,Saudi Arabia,16.1889,0.0,0.10453506367373276,0.02732166436927106,3,3.7,3,1
GWIS Weekly Number of Fires,Saudi Arabia,Q2,Asia,0.8015384615384615,0.0,2.923076923076923,Saudi Arabia,16.1889,0.0,0.18056056452735658,0.04951160743092252,4,4.5,4,1
GWIS Weekly Number of Fires,Saudi Arabia,Q3,Asia,0.6538461538461539,0.0,2.3076923076923075,Saudi Arabia,16.1889,0.0,0.14254781410054465,0.04038854732848766,4,4.5,4,1
GWIS Weekly Number of Fires,Saudi Arabia,Q4,Asia,0.6215384615384616,0.0,3.076923076923077,Saudi Arabia,16.1889,0.0,0.19006375213405957,0.03839287793108004,4,4.3,4,1
GWIS Weekly Number of Fires,Spain,Q1,Europe,9.537692307692309,0.07692307692307693,41.30769230769231,Spain,714.2029,0.0001077047949862384,0.057837474907610015,0.0133543175303437,3,2.7,3,2
GWIS Weekly Number of Fires,Spain,Q2,Europe,4.936153846153847,0.15384615384615385,21.53846153846154,Spain,714.2029,0.0002154095899724768,0.030157342596146754,0.006911416694266918,2,2.2,2,1
GWIS Weekly Number of Fires,Spain,Q3,Europe,9.903846153846153,1.6153846153846154,27.53846153846154,Spain,714.2029,0.002261800694711006,0.03855831660507335,0.013866992354478193,3,3.0,3,1
GWIS Weekly Number of Fires,Spain,Q4,Europe,5.61,0.15384615384615385,24.384615384615383,Spain,714.2029,0.0002154095899724768,0.03414242001063757,0.007854910698346367,3,2.7,3,2
GWIS Weekly Number of Fires,Uganda,Q1,Africa,279.93,36.46153846153846,664.5384615384615,Uganda,128.3824,0.284007297429698,5.176242705685994,2.180439063298396,5,4.7,5,3
GWIS Weekly Number of Fires,Uganda,Q2,Africa,4.872307692307692,0.07692307692307693,15.23076923076923,Uganda,128.3824,0.0005991715135647639,0.11863595968582322,0.03795152366919214,4,3.3,4,1
GWIS Weekly Number of Fires,Uganda,Q3,Africa,18.090769230769233,0.9230769230769231,70.0,Uganda,128.3824,0.007190058162777166,0.545246077343935,0.14091315656016115,5,4.0,5,2
GWIS Weekly Number of Fires,Uganda,Q4,Africa,125.3723076923077,9.384615384615385,390.0769230769231,Uganda,128.3824,0.07309892465490118,3.0383987452869174,0.9765536996683947,5,4.7,5,3
GWIS Weekly Number of Fires,Ukraine,Q1,Europe,62.56307692307693,0.38461538461538464,226.6153846153846,Ukraine,826.4796,0.00046536585369485783,0.2741935609970102,0.07569827122542036,4,3.2,4,2
GWIS Weekly Number of Fires,Ukraine,Q2,Europe,43.16153846153846,1.0769230769230769,144.0,Ukraine,826.4796,0.0013030243903456018,0.17423297562335477,0.05222335610163695,4,3.3,4,2
GWIS Weekly Number of Fires,Ukraine,Q3,Europe,179.5646153846154,31.53846153846154,482.3076923076923,Ukraine,826.4796,0.038160000002978346,0.5835687805333517,0.2172644253828109,5,4.2,5,2
GWIS Weekly Number of Fires,Ukraine,Q4,Europe,61.84615384615385,1.8461538461538463,275.15384615384613,Ukraine,826.4796,0.0022337560977353176,0.3329227317333013,0.07483082927413313,4,3.3,4,2
GWIS Weekly Number of Fires,United Kingdom,Q1,Europe,2.0515384615384615,0.0,12.076923076923077,United Kingdom,257.98,0.0,0.04681340831429985,0.00795231592192597,3,2.5,3,1
GWIS Weekly Number of Fires,United Kingdom,Q2,Europe,1.7315384615384617,0.0,8.846153846153847,United Kingdom,257.98,0.0,0.03429007615378652,0.006711909688884648,2,2.5,3,1
GWIS Weekly Number of Fires,United Kingdom,Q3,Europe,0.6153846153846154,0.0,3.230769230769231,United Kingdom,257.98,0.0,0.012523332160513337,0.0023853966020025404,2,2.7,2,1
GWIS Weekly Number of Fires,United Kingdom,Q4,Europe,0.3323076923076923,0.0,2.6923076923076925,United Kingdom,257.98,0.0,0.010436110133761115,0.0012881141650813717,2,2.2,2,1
GWIS Weekly Number of Fires,United States,Q1,America,311.6723076923077,86.23076923076923,622.3076923076923,United States,17704.7843,0.004870478384239294,0.035149125895179205,0.017603846644565317,3,2.5,3,2
GWIS Weekly Number of Fires,United States,Q2,America,268.89076923076925,137.92307692307693,476.6923076923077,United States,17704.7843,0.0077901585574853315,0.02692449112143703,0.015187463720231218,3,2.5,2,2
GWIS Weekly Number of Fires,United States,Q3,America,231.13384615384615,139.92307692307693,369.0,United States,17704.7843,0.007903122373712112,0.02084182409384112,0.01305488066035609,3,3.2,3,2
GWIS Weekly Number of Fires,United States,Q4,America,291.91615384615386,97.84615384615384,519.2307692307693,United States,17704.7843,0.005526537470787139,0.029327144597337415,0.016487981378352848,3,2.3,3,2
GWIS Weekly Severity Rating,Brazil,Q1,America,1.033076923076923,0.3214284615384615,2.3306592307692306,Brazil,51894.2395,6.1939140959655355e-06,4.491171377064367e-05,1.9907352589239175e-05,1,1.5,1,2
GWIS Weekly Severity Rating,Brazil,Q2,America,2.575384615384616,0.986153076923077,4.74055,Brazil,51894.2395,1.900313187792408e-05,9.13502162412458e-05,4.962756252328576e-05,1,1.8,1,1
GWIS Weekly Severity Rating,Brazil,Q3,America,10.323846153846155,5.995713846153846,14.408571538461539,Brazil,51894.2395,0.00011553717529965625,0.00027765261958336506,0.00019894011846625394,1,3.2,1,2
GWIS Weekly Severity Rating,Brazil,Q4,America,3.983846153846154,1.5248353846153848,7.763406923076923,Brazil,51894.2395,2.9383519236569305e-05,0.0001496005529299051,7.676856221866693e-05,1,2.8,1,2
GWIS Weekly Severity Rating,Finland,Q1,Europe,0.0023076923076923075,0.0,0.02131769230769231,Finland,863.4188,0.0,2.4689863491149728e-05,2.672738082251982e-06,1,1.2,1,1
GWIS Weekly Severity Rating,Finland,Q2,Europe,0.5753846153846154,0.03901076923076923,2.517033076923077,Finland,863.4188,4.518174636777567e-05,0.0029151937355580823,0.0006664026951748275,1,1.3,1,1
GWIS Weekly Severity Rating,Finland,Q3,Europe,0.49,0.02802076923076923,2.292857692307692,Finland,863.4188,3.245327670739765e-05,0.002655556830946572,0.0005675113861315042,2,1.8,2,2
GWIS Weekly Severity Rating,Finland,Q4,Europe,0.008461538461538461,0.0,0.05857153846153846,Finland,863.4188,0.0,6.783676526563755e-05,9.800039634923933e-06,1,1.2,1,1
GWIS Weekly Severity Rating,Hungary,Q1,Europe,0.2276923076923077,0.00044,1.1719784615384616,Hungary,136.7524,3.2174938063244232e-06,0.008570076002603696,0.00166499679488117,2,2.8,3,2
GWIS Weekly Severity Rating,Hungary,Q2,Europe,2.531538461538461,0.1236276923076923,8.024615384615386,Hungary,136.7524,0.0009040257597504125,0.05867988704121745,0.01851183936470922,3,2.5,3,3
GWIS Weekly Severity Rating,Hungary,Q3,Europe,3.8846153846153846,0.24076999999999998,12.634613846153846,Hungary,136.7524,0.001760627235792571,0.0923904358984109,0.028406195318074014,4,3.2,4,3
GWIS Weekly Severity Rating,Hungary,Q4,Europe,0.3930769230769231,0.00978,1.7251653846153847,Hungary,136.7524,7.151611233148377e-05,0.01261524759064839,0.0028743694668387767,2,2.3,3,2
GWIS Weekly Severity Rating,Iceland,Q1,Europe,0.006923076923076922,0.0,0.03197846153846154,Iceland,0.7915,0.0,0.04040235191214345,0.008746780698770591,3,3.8,3,1
GWIS Weekly Severity Rating,Iceland,Q2,Europe,0.12384615384615384,0.004505384615384615,0.4885715384615385,Iceland,0.7915,0.005692210505855484,0.6172729481510278,0.15647018805578503,4,4.7,4,4
GWIS Weekly Severity Rating,Iceland,Q3,Europe,0.15923076923076926,0.002748461538461538,0.6565946153846155,Iceland,0.7915,0.0034724719374119245,0.8295573157101902,0.20117595607172364,4,4.2,5,3
GWIS Weekly Severity Rating,Iceland,Q4,Europe,0.006923076923076922,0.0,0.03846230769230769,Iceland,0.7915,0.0,0.04859419796880315,0.008746780698770591,3,4.0,3,1
GWIS Weekly Severity Rating,India,Q1,Asia,14.06,6.451647692307692,21.504286153846156,India,3005.6956,0.002146474078182665,0.007154512304521508,0.004677785734523483,3,4.2,2,3
GWIS Weekly Severity Rating,India,Q2,Asia,20.833076923076923,8.824834615384615,34.176593076923076,India,3005.6956,0.002936037373639771,0.011370610209804038,0.00693119986038404,2,3.8,2,3
GWIS Weekly Severity Rating,India,Q3,Asia,1.893076923076923,0.32186846153846155,5.053189230769231,India,3005.6956,0.00010708618049627565,0.0016812045873072546,0.0006298298879889644,2,1.8,1,2
GWIS Weekly Severity Rating,India,Q4,Asia,7.1292307692307695,2.677363846153846,10.802746153846154,India,3005.6956,0.000890763471242346,0.0035940918813755305,0.002371907111695133,2,3.3,2,3
GWIS Weekly Severity Rating,Israel,Q1,Asia,1.3838461538461537,0.0721976923076923,5.017471538461539,Israel,0.6244,0.1156273099098211,8.035668703493817,2.2162814763711625,5,4.7,5,5
GWIS Weekly Severity Rating,Israel,Q2,Asia,7.537692307692307,3.7516476923076922,13.054945384615385,Israel,0.6244,6.008404375893165,20.9079842802937,12.071896713152318,5,5.0,5,5
GWIS Weekly Severity Rating,Israel,Q3,Asia,11.161538461538461,8.636593076923077,14.723406923076924,Israel,0.6244,13.831827477455281,23.58008796136599,17.875622135711822,5,5.0,5,5
GWIS Weekly Severity Rating,Israel,Q4,Asia,5.993076923076923,1.6716484615384615,17.89824,Israel,0.6244,2.6772076578130393,28.664702114029474,9.598137288720249,5,5.0,5,5
GWIS Weekly Severity Rating,Italy,Q1,Europe,0.22615384615384618,0.02131846153846154,0.7954946153846153,Italy,663.7759,3.2116956247525013e-05,0.0011984385323188373,0.00034070813079210344,2,2.0,1,2
GWIS Weekly Severity Rating,Italy,Q2,Europe,2.2346153846153847,0.4629669230769231,4.837693846153846,Italy,663.7759,0.0006974747397079694,0.007288143251591157,0.0033665208161600697,2,2.3,2,3
GWIS Weekly Severity Rating,Italy,Q3,Europe,6.106923076923077,2.403736923076923,10.590403846153846,Italy,663.7759,0.003621307918948132,0.015954788123753585,0.009200278402579963,3,3.5,3,3
GWIS Weekly Severity Rating,Italy,Q4,Europe,0.5676923076923077,0.11439461538461539,1.8491938461538462,Italy,663.7759,0.00017233921174995265,0.002785870722564417,0.0008552469405597699,2,1.8,2,2
GWIS Weekly Severity Rating,Mexico,Q1,America,15.306923076923077,5.5905492307692315,25.20911923076923,Mexico,2022.0035,0.0027648563569594373,0.012467396436637834,0.0075701763507941885,3,3.5,3,4
GWIS Weekly Severity Rating,Mexico,Q2,America,21.698461538461537,12.275055384615383,31.34659230769231,Mexico,2022.0035,0.006070738940172647,0.015502738896194941,0.0107311691292629,3,4.3,2,4
GWIS Weekly Severity Rating,Mexico,Q3,America,6.811538461538461,2.3834053846153846,13.501300769230768,Mexico,2022.0035,0.001178734549477973,0.0066771896137819585,0.0033687075524540195,2,2.8,2,3
GWIS Weekly Severity Rating,Mexico,Q4,America,9.106923076923078,3.6305515384615386,16.29989076923077,Mexico,2022.0035,0.0017955218863179704,0.008061257445514199,0.004503910639582512,3,2.8,2,3
GWIS Weekly Severity Rating,Russia,Q1,Europe,0.019230769230769232,0.0019776923076923075,0.054286153846153845,Russia,40896.0299,4.835902928788468e-08,1.327418675575495e-06,4.702356017880658e-07,1,2.0,1,1
GWIS Weekly Severity Rating,Russia,Q2,Europe,1.243846153846154,0.6603292307692308,2.036153846153846,Russia,40896.0299,1.614653628686903e-05,4.97885455173204e-05,3.0414838723652098e-05,1,2.7,1,1
GWIS Weekly Severity Rating,Russia,Q3,Europe,1.5423076923076924,0.8056046153846153,2.743515384615385,Russia,40896.0299,1.9698846498168646e-05,6.708512761077047e-05,3.7712895263402875e-05,1,3.0,1,1
GWIS Weekly Severity Rating,Russia,Q4,Europe,0.10461538461538462,0.022636923076923075,0.3016492307692308,Russia,40896.0299,5.535237315767679e-07,7.376002793103171e-06,2.558081673727078e-06,1,2.0,1,1
GWIS Weekly Severity Rating,Saudi Arabia,Q1,Asia,23.551538461538463,10.10802153846154,39.534505384615386,Saudi Arabia,16.1889,0.624379762581864,2.442074840453359,1.4547954747721255,5,3.7,5,5
GWIS Weekly Severity Rating,Saudi Arabia,Q2,Asia,41.612307692307695,22.392306153846157,59.465933846153845,Saudi Arabia,16.1889,1.3831888611237426,3.6732535160606243,2.5704221838610217,5,4.5,5,5
GWIS Weekly Severity Rating,Saudi Arabia,Q3,Asia,44.45692307692308,30.853186923076922,59.66648461538462,Saudi Arabia,16.1889,1.9058235533653876,3.6856416813609707,2.74613612270896,5,4.5,5,5
GWIS Weekly Severity Rating,Saudi Arabia,Q4,Asia,26.451538461538462,13.37769,45.36318692307692,Saudi Arabia,16.1889,0.8263495357930434,2.8021166924915786,1.6339305611584767,5,4.3,5,5
GWIS Weekly Severity Rating,Spain,Q1,Europe,1.2476923076923077,0.10483538461538461,4.305493846153846,Spain,714.2029,0.00014678655689494486,0.006028390316188643,0.0017469717746767869,2,2.7,2,3
GWIS Weekly Severity Rating,Spain,Q2,Europe,6.319999999999999,1.2376923076923076,16.20648230769231,Spain,714.2029,0.0017329701513285757,0.0226917061071753,0.008849025956069345,3,2.2,3,3
GWIS Weekly Severity Rating,Spain,Q3,Europe,14.472307692307693,7.891318461538462,21.984176153846153,Spain,714.2029,0.011049126881924536,0.03078141541268756,0.020263580128710892,3,3.0,3,4
GWIS Weekly Severity Rating,Spain,Q4,Europe,2.2976923076923077,0.31659230769230773,6.502198461538462,Spain,714.2029,0.0004432806247248614,0.00910413337937785,0.003217142226238941,2,2.7,2,3
GWIS Weekly Severity Rating,Uganda,Q1,Africa,12.488461538461538,2.383736923076923,29.483845384615385,Uganda,128.3824,0.01856747438182277,0.22965644344252317,0.0972754952272394,4,4.7,4,4
GWIS Weekly Severity Rating,Uganda,Q2,Africa,1.6730769230769231,0.12868153846153846,5.766703846153846,Uganda,128.3824,0.0010023300581819506,0.04491818073313668,0.013031980420033612,3,3.3,3,3
GWIS Weekly Severity Rating,Uganda,Q3,Africa,1.8084615384615386,0.2875830769230769,5.398131538461538,Uganda,128.3824,0.0022400506371829543,0.04204728637618192,0.014086522283907598,3,4.0,3,3
GWIS Weekly Severity Rating,Uganda,Q4,Africa,3.951538461538462,0.3237369230769231,11.402636153846153,Uganda,128.3824,0.0025216612485583936,0.08881775191806784,0.030779440651821918,4,4.7,4,3
GWIS Weekly Severity Rating,Ukraine,Q1,Europe,0.09461538461538462,0.002967692307692308,0.40692307692307694,Ukraine,826.4796,3.5907629271095233e-06,0.0004923570732091596,0.00011448000000893502,1,3.2,1,2
GWIS Weekly Severity Rating,Ukraine,Q2,Europe,3.2053846153846157,0.43626307692307686,9.58219846153846,Ukraine,826.4796,0.0005278570419924181,0.011593992715051238,0.0038783590246929457,2,3.3,2,2
GWIS Weekly Severity Rating,Ukraine,Q3,Europe,5.7846153846153845,0.9547246153846154,14.786154615384616,Ukraine,826.4796,0.0011551702127730865,0.017890525810176822,0.006999102439570661,3,4.2,3,3
GWIS Weekly Severity Rating,Ukraine,Q4,Europe,0.6638461538461539,0.07197769230769231,2.2979130769230767,Ukraine,826.4796,8.708949659216308e-05,0.0027803627299731013,0.0008032214634773246,2,3.3,2,2
GWIS Weekly Severity Rating,United Kingdom,Q1,Europe,0.04692307692307692,0.0026384615384615383,0.17066076923076923,United Kingdom,257.98,1.0227387931085891e-05,0.000661527130904602,0.00018188649090269368,1,2.5,1,2
GWIS Weekly Severity Rating,United Kingdom,Q2,Europe,0.4438461538461539,0.030440769230769233,2.0256053846153845,United Kingdom,257.98,0.00011799662466380816,0.007851792327371829,0.0017204672991943323,2,2.5,2,2
GWIS Weekly Severity Rating,United Kingdom,Q3,Europe,0.5392307692307692,0.041317692307692305,2.1593415384615384,United Kingdom,257.98,0.00016015850960420305,0.008370189698664774,0.0020902037725047257,2,2.7,2,2
GWIS Weekly Severity Rating,United Kingdom,Q4,Europe,0.09538461538461539,0.004726153846153846,0.5170338461538462,United Kingdom,257.98,1.831984590337951e-05,0.0020041625170704944,0.00036973647331039377,1,2.2,2,2
GWIS Weekly Severity Rating,United States,Q1,America,1.933076923076923,0.4695615384615385,4.361537692307692,United States,17704.7843,2.652173166896693e-05,0.00024634797117001263,0.00010918387314534654,1,2.5,1,2
GWIS Weekly Severity Rating,United States,Q2,America,7.252307692307692,3.8787915384615386,11.872198461538462,United States,17704.7843,0.00021908154726638148,0.0006705644226085523,0.0004096241766869587,1,2.5,1,2
GWIS Weekly Severity Rating,United States,Q3,America,8.705384615384615,5.779671538461538,12.454504615384614,United States,17704.7843,0.0003264468767609633,0.0007034541852839526,0.0004916967339378777,2,3.2,1,2
GWIS Weekly Severity Rating,United States,Q4,America,3.2992307692307694,0.9934076923076923,6.426263846153846,United States,17704.7843,5.6109561996058456e-05,0.00036296764407086544,0.00018634684915256323,1,2.3,1,2
MODIS Weekly Thermal Anomalies,Brazil,Q1,America,1334.8392307692307,652.7692307692307,2824.4615384615386,Brazil,51894.2395,0.012578837980065797,0.054427265254779165,0.02572230065668908,2,1.5,1,2
MODIS Weekly Thermal Anomalies,Brazil,Q2,America,2187.7676923076924,1234.0,4726.076923076923,Brazil,51894.2395,0.02377913255670699,0.09107132060538092,0.04215819931820549,2,1.8,2,2
MODIS Weekly Thermal Anomalies,Brazil,Q3,America,14672.922307692306,6893.615384615385,23703.76923076923,Brazil,51894.2395,0.13283970342441156,0.456770721743966,0.2827466487430133,4,3.2,3,3
MODIS Weekly Thermal Anomalies,Brazil,Q4,America,8574.156153846154,3519.076923076923,17318.69230769231,Brazil,51894.2395,0.0678124770106116,0.33373053492174803,0.1652236594361529,3,2.8,3,3
MODIS Weekly Thermal Anomalies,Finland,Q1,Europe,0.030000000000000002,0.0,0.3076923076923077,Finland,863.4188,0.0,0.0003563650776335976,3.474559506927577e-05,1,1.2,1,1
MODIS Weekly Thermal Anomalies,Finland,Q2,Europe,7.679230769230769,0.07692307692307693,33.69230769230769,Finland,863.4188,8.90912694083994e-05,0.039021976000878936,0.008893981425040512,1,1.3,1,1
MODIS Weekly Thermal Anomalies,Finland,Q3,Europe,3.313846153846154,0.07692307692307693,17.23076923076923,Finland,863.4188,8.90912694083994e-05,0.019956444347481464,0.0038380518861138462,1,1.8,1,1
MODIS Weekly Thermal Anomalies,Finland,Q4,Europe,0.11615384615384615,0.0,0.8461538461538461,Finland,863.4188,0.0,0.0009800039634923934,0.0001345278168066831,1,1.2,1,1
MODIS Weekly Thermal Anomalies,Hungary,Q1,Europe,18.994615384615386,0.0,78.0,Hungary,136.7524,0.0,0.5703739020302386,0.1388978576216241,3,2.8,3,1
MODIS Weekly Thermal Anomalies,Hungary,Q2,Europe,6.172307692307692,0.46153846153846156,21.76923076923077,Hungary,136.7524,0.0033749935031375067,0.1591871935646524,0.045134913115292254,2,2.5,2,1
MODIS Weekly Thermal Anomalies,Hungary,Q3,Europe,6.891538461538461,0.5384615384615384,20.615384615384617,Hungary,136.7524,0.003937492420327091,0.15074970980680863,0.05039427799101487,2,3.2,3,2
MODIS Weekly Thermal Anomalies,Hungary,Q4,Europe,5.468461538461539,0.07692307692307693,23.0,Hungary,136.7524,0.0005624989171895845,0.16818717623968574,0.03998804802300756,2,2.3,2,1
MODIS Weekly Thermal Anomalies,Iceland,Q1,Europe,5.928461538461539,0.0,64.61538461538461,Iceland,0.7915,0.0,81.63661985519218,7.4901598717138835,5,3.8,5,1
MODIS Weekly Thermal Anomalies,Iceland,Q2,Europe,12.207692307692309,0.0,113.92307692307692,Iceland,0.7915,0.0,143.9331357208805,15.423489965498812,5,4.7,5,1
MODIS Weekly Thermal Anomalies,Iceland,Q3,Europe,24.993846153846157,0.0,221.15384615384616,Iceland,0.7915,0.0,279.41105009961615,31.57782205160601,5,4.2,5,1
MODIS Weekly Thermal Anomalies,Iceland,Q4,Europe,16.415384615384617,0.0,164.6153846153846,Iceland,0.7915,0.0,207.97900772632295,20.73958890130716,5,4.0,5,1
MODIS Weekly Thermal Anomalies,India,Q1,Asia,2745.204615384616,1003.8461538461538,5538.846153846154,India,3005.6956,0.33398130996570435,1.8427834654467852,0.9133342096866416,4,4.2,4,4
MODIS Weekly Thermal Anomalies,India,Q2,Asia,1947.9623076923078,747.8461538461538,4705.307692307692,India,3005.6956,0.24880967781506344,1.5654638122062967,0.6480903481018863,4,3.8,4,4
MODIS Weekly Thermal Anomalies,India,Q3,Asia,78.71076923076923,32.92307692307692,147.3846153846154,India,3005.6956,0.010953563269373292,0.049035110336727174,0.026187205793816656,2,1.8,2,2
MODIS Weekly Thermal Anomalies,India,Q4,Asia,1956.9284615384615,839.7692307692307,4239.461538461538,India,3005.6956,0.27939264068165476,1.4104760104321736,0.6510734026221623,4,3.3,4,4
MODIS Weekly Thermal Anomalies,Israel,Q1,Asia,0.7276923076923077,0.0,3.3846153846153846,Israel,0.6244,0.0,5.420588380229636,1.165426501749372,5,4.7,5,1
MODIS Weekly Thermal Anomalies,Israel,Q2,Asia,3.556923076923077,0.0,14.153846153846153,Israel,0.6244,0.0,22.66791504459666,5.696545606859509,5,5.0,5,1
MODIS Weekly Thermal Anomalies,Israel,Q3,Asia,3.5507692307692307,0.0,10.23076923076923,Israel,0.6244,0.0,16.384960331148672,5.686689991622727,5,5.0,5,1
MODIS Weekly Thermal Anomalies,Israel,Q4,Asia,2.9415384615384617,0.07692307692307693,14.0,Israel,0.6244,0.12319519045976447,22.421524663677133,4.710984083181393,5,5.0,5,3
MODIS Weekly Thermal Anomalies,Italy,Q1,Europe,47.47461538461538,8.538461538461538,111.3076923076923,Italy,663.7759,0.01286347024419166,0.16768866165175975,0.0715220534288988,3,2.0,2,2
MODIS Weekly Thermal Anomalies,Italy,Q2,Europe,89.09384615384616,33.0,182.76923076923077,Italy,663.7759,0.04971557418701101,0.27534779549729177,0.13422277933538437,3,2.3,2,3
MODIS Weekly Thermal Anomalies,Italy,Q3,Europe,248.21153846153845,100.0,579.9230769230769,Italy,663.7759,0.15065325511215458,0.8736729925311795,0.3739387622562652,4,3.5,4,4
MODIS Weekly Thermal Anomalies,Italy,Q4,Europe,42.59615384615385,10.384615384615385,114.0,Italy,663.7759,0.015644761107800668,0.17174471082785622,0.06417249232181199,2,1.8,2,2
MODIS Weekly Thermal Anomalies,Mexico,Q1,America,1011.3538461538462,433.38461538461536,1907.6153846153845,Mexico,2022.0035,0.2143342557936301,0.9434283296816175,0.5001741323167078,4,3.5,4,3
MODIS Weekly Thermal Anomalies,Mexico,Q2,America,3769.089230769231,1810.4615384615386,6529.461538461538,Mexico,2022.0035,0.8953800220729284,3.2292038754935577,1.8640369469040143,5,4.3,5,4
MODIS Weekly Thermal Anomalies,Mexico,Q3,America,319.66076923076923,153.0,577.5384615384615,Mexico,2022.0035,0.07566752480893332,0.2856268357292465,0.1580911057922349,3,2.8,3,3
MODIS Weekly Thermal Anomalies,Mexico,Q4,America,364.83076923076925,148.92307692307693,760.1538461538462,Mexico,2022.0035,0.07365124586731771,0.3759409151140669,0.180430335175369,3,2.8,3,3
MODIS Weekly Thermal Anomalies,Russia,Q1,Europe,1116.6092307692309,145.15384615384616,3145.153846153846,Russia,40896.0299,0.0035493383222963202,0.07690609220123458,0.02730360950682968,2,2.0,2,2
MODIS Weekly Thermal Anomalies,Russia,Q2,Europe,8895.627692307693,2823.076923076923,19686.69230769231,Russia,40896.0299,0.06903058634248804,0.48138394743525725,0.2175181237410943,3,2.7,3,3
MODIS Weekly Thermal Anomalies,Russia,Q3,Europe,12686.210000000001,3283.153846153846,32238.846153846152,Russia,40896.0299,0.08028050287966573,0.7883123675495491,0.31020639487550844,4,3.0,4,3
MODIS Weekly Thermal Anomalies,Russia,Q4,Europe,937.7515384615385,252.07692307692307,2434.153846153846,Russia,40896.0299,0.006163848268237965,0.05952054153192621,0.022930136268839593,2,2.0,2,2
MODIS Weekly Thermal Anomalies,Saudi Arabia,Q1,Asia,15.795384615384616,7.6923076923076925,29.23076923076923,Saudi Arabia,16.1889,0.47515938033514893,1.8056056452735658,0.9756922715801948,4,3.7,4,4
MODIS Weekly Thermal Anomalies,Saudi Arabia,Q2,Asia,24.84,12.0,42.69230769230769,Saudi Arabia,16.1889,0.7412486333228323,2.6371345608600767,1.534384670978263,5,4.5,5,4
MODIS Weekly Thermal Anomalies,Saudi Arabia,Q3,Asia,24.326923076923077,12.076923076923077,39.69230769230769,Saudi Arabia,16.1889,0.7460002271261837,2.4518224025293684,1.5026915403099084,5,4.5,5,4
MODIS Weekly Thermal Anomalies,Saudi Arabia,Q4,Asia,20.569230769230767,8.076923076923077,38.07692307692308,Saudi Arabia,16.1889,0.49891734935190635,2.3520389326589872,1.2705761830161881,5,4.3,4,4
MODIS Weekly Thermal Anomalies,Spain,Q1,Europe,65.50076923076924,7.0,227.30769230769232,Spain,714.2029,0.009801136343747694,0.31826766918433447,0.09171170997873186,3,2.7,3,2
MODIS Weekly Thermal Anomalies,Spain,Q2,Europe,52.46153846153846,8.538461538461538,225.92307692307693,Spain,714.2029,0.011955232243472462,0.31632898287458217,0.07345467018061458,2,2.2,2,2
MODIS Weekly Thermal Anomalies,Spain,Q3,Europe,106.85846153846154,23.76923076923077,406.53846153846155,Spain,714.2029,0.033280781650747666,0.5692198415022699,0.14961919300308293,3,3.0,4,3
MODIS Weekly Thermal Anomalies,Spain,Q4,Europe,70.61384615384615,9.692307692307692,302.15384615384613,Spain,714.2029,0.013570804168266037,0.4230644347059444,0.09887084770146712,3,2.7,3,2
MODIS Weekly Thermal Anomalies,Uganda,Q1,Africa,974.6038461538462,264.9230769230769,2276.4615384615386,Uganda,128.3824,2.0635466927170465,17.73188177243562,7.591413201138523,5,4.7,5,4
MODIS Weekly Thermal Anomalies,Uganda,Q2,Africa,23.275384615384613,2.5384615384615383,71.61538461538461,Uganda,128.3824,0.019772659947637203,0.5578286791287951,0.18129731657442621,3,3.3,3,2
MODIS Weekly Thermal Anomalies,Uganda,Q3,Africa,71.95461538461538,6.846153846153846,245.46153846153845,Uganda,128.3824,0.053326264707263975,1.9119562997851611,0.5604710255036156,4,4.0,4,3
MODIS Weekly Thermal Anomalies,Uganda,Q4,Africa,420.03153846153845,34.15384615384615,1319.076923076923,Uganda,128.3824,0.2660321520227551,10.27459311460857,3.271722124384172,5,4.7,5,4
MODIS Weekly Thermal Anomalies,Ukraine,Q1,Europe,474.3523076923077,6.230769230769231,1746.2307692307693,Ukraine,826.4796,0.007538926829856697,2.1128540489453935,0.5739431532155272,4,3.2,4,2
MODIS Weekly Thermal Anomalies,Ukraine,Q2,Europe,342.32615384615383,27.53846153846154,1113.8461538461538,Ukraine,826.4796,0.033320195124551824,1.3476995123003082,0.4141979473494008,4,3.3,4,3
MODIS Weekly Thermal Anomalies,Ukraine,Q3,Europe,850.3215384615385,182.76923076923077,2339.846153846154,Ukraine,826.4796,0.22114185367579645,2.831099707538037,1.0288475825193246,5,4.2,5,4
MODIS Weekly Thermal Anomalies,Ukraine,Q4,Europe,350.3030769230769,20.46153846153846,1519.8461538461538,Ukraine,826.4796,0.024757463416566435,1.8389397074606002,0.42384963515503216,4,3.3,4,2
MODIS Weekly Thermal Anomalies,United Kingdom,Q1,Europe,17.166923076923077,0.8461538461538461,90.92307692307692,United Kingdom,257.98,0.0032799203277534927,0.3524423479458753,0.06654361995861337,2,2.5,3,2
MODIS Weekly Thermal Anomalies,United Kingdom,Q2,Europe,21.365384615384617,1.6923076923076923,73.46153846153847,United Kingdom,257.98,0.0065598406555069854,0.2847567193640533,0.0828179882757757,2,2.5,2,2
MODIS Weekly Thermal Anomalies,United Kingdom,Q3,Europe,14.455384615384617,2.3846153846153846,44.07692307692308,United Kingdom,257.98,0.009243411832759844,0.17085403161843196,0.05603296618103967,3,2.7,3,2
MODIS Weekly Thermal Anomalies,United Kingdom,Q4,Europe,4.970769230769231,0.3076923076923077,14.538461538461538,United Kingdom,257.98,0.0011926983010012702,0.056354994722310016,0.01926804105267552,2,2.2,2,1
MODIS Weekly Thermal Anomalies,United States,Q1,America,2005.5069230769232,757.6923076923077,4180.2307692307695,United States,17704.7843,0.042795907301299785,0.2361074102004603,0.11327485774999943,3,2.5,2,3
MODIS Weekly Thermal Anomalies,United States,Q2,America,2341.6923076923076,1042.6153846153845,6449.692307692308,United States,17704.7843,0.05888890635145352,0.3642909282827189,0.13226324975291046,3,2.5,3,3
MODIS Weekly Thermal Anomalies,United States,Q3,America,3844.435384615385,1247.2307692307693,10131.538461538461,United States,17704.7843,0.07044597370388575,0.5722486244318978,0.2171410461417135,4,3.2,4,3
MODIS Weekly Thermal Anomalies,United States,Q4,America,1762.893076923077,789.4615384615385,3612.6153846153848,United States,17704.7843,0.044590294074440574,0.20404741020286732,0.0995715647845016,3,2.3,2,3
VIIRS Weekly Thermal Anomalies,Brazil,Q1,America,4486.6030769230765,1649.1538461538462,9702.846153846154,Brazil,51894.2395,0.03177913121077429,0.18697347234168743,0.08645666879698807,1,1.5,1,2
VIIRS Weekly Thermal Anomalies,Brazil,Q2,America,6408.1476923076925,3881.846153846154,11150.0,Brazil,51894.2395,0.07480302614023573,0.2148600713187058,0.12348475965829872,2,1.8,1,2
VIIRS Weekly Thermal Anomalies,Brazil,Q3,America,57954.15923076923,26744.23076923077,92579.46153846153,Brazil,51894.2395,0.5153602986942466,1.7840026644664775,1.116774420227687,4,3.2,3,4
VIIRS Weekly Thermal Anomalies,Brazil,Q4,America,36454.70923076923,16038.846153846154,73552.30769230769,Brazil,51894.2395,0.3090679487430614,1.4173501413833742,0.7024808453117273,3,2.8,3,4
VIIRS Weekly Thermal Anomalies,Finland,Q1,Europe,6.123846153846154,0.8461538461538461,17.307692307692307,Finland,863.4188,0.0009800039634923934,0.020045535616889865,0.007092555957602676,1,1.2,1,1
VIIRS Weekly Thermal Anomalies,Finland,Q2,Europe,25.666153846153843,7.0,60.53846153846154,Finland,863.4188,0.008107305516164346,0.07011482902441032,0.02972619295080654,1,1.3,1,1
VIIRS Weekly Thermal Anomalies,Finland,Q3,Europe,24.180000000000003,9.153846153846153,50.15384615384615,Finland,863.4188,0.010601861059599527,0.05808750765427641,0.028004949625836273,1,1.8,1,1
VIIRS Weekly Thermal Anomalies,Finland,Q4,Europe,10.19,2.0,32.46153846153846,Finland,863.4188,0.0023163730046183843,0.03759651569034454,0.011801920458530669,1,1.2,1,1
VIIRS Weekly Thermal Anomalies,Hungary,Q1,Europe,44.28923076923077,2.3076923076923075,166.69230769230768,Hungary,136.7524,0.016874967515687532,1.2189351535498294,0.32386437656107514,2,2.8,3,2
VIIRS Weekly Thermal Anomalies,Hungary,Q2,Europe,35.22538461538461,8.153846153846153,88.92307692307692,Hungary,136.7524,0.05962488522209595,0.6502487482711595,0.25758512914862636,2,2.5,2,2
VIIRS Weekly Thermal Anomalies,Hungary,Q3,Europe,42.44230769230769,14.538461538461538,82.6923076923077,Hungary,136.7524,0.10631229534883145,0.6046863359788033,0.3103587775593532,3,3.2,2,3
VIIRS Weekly Thermal Anomalies,Hungary,Q4,Europe,21.652307692307694,2.6923076923076925,73.92307692307692,Hungary,136.7524,0.019687462101635456,0.5405614594191906,0.15833219521052425,2,2.3,2,2
VIIRS Weekly Thermal Anomalies,Iceland,Q1,Europe,24.664615384615384,0.7692307692307693,231.30769230769232,Iceland,0.7915,0.9718645220856214,292.2396617911463,31.16186403615336,5,3.8,5,4
VIIRS Weekly Thermal Anomalies,Iceland,Q2,Europe,40.106923076923074,0.6153846153846154,356.7692307692308,Iceland,0.7915,0.7774916176684971,450.7507653433112,50.672044317022205,5,4.7,5,4
VIIRS Weekly Thermal Anomalies,Iceland,Q3,Europe,91.62615384615384,1.0769230769230769,817.3846153846154,Iceland,0.7915,1.3606103309198698,1032.7032411681812,115.76267068370669,5,4.2,5,5
VIIRS Weekly Thermal Anomalies,Iceland,Q4,Europe,96.34692307692308,1.1538461538461537,919.6923076923077,Iceland,0.7915,1.4577967831284318,1161.9612226055688,121.72700325574615,5,4.0,5,5
VIIRS Weekly Thermal Anomalies,India,Q1,Asia,18194.813846153844,6662.846153846154,35693.769230769234,India,3005.6956,2.216740162858193,11.875377277316185,6.053445281070326,5,4.2,5,5
VIIRS Weekly Thermal Anomalies,India,Q2,Asia,15170.346923076924,7324.461538461538,26872.30769230769,India,3005.6956,2.4368607181850144,8.940462132062772,5.047200030194982,5,3.8,5,5
VIIRS Weekly Thermal Anomalies,India,Q3,Asia,553.6792307692308,237.15384615384616,976.8461538461538,India,3005.6956,0.07890148495205108,0.3249983643873165,0.18421001473643267,2,1.8,2,3
VIIRS Weekly Thermal Anomalies,India,Q4,Asia,10383.102307692307,4867.846153846154,17014.153846153848,India,3005.6956,1.6195406327394413,5.660637706011829,3.4544756653642192,4,3.3,4,5
VIIRS Weekly Thermal Anomalies,Israel,Q1,Asia,12.435384615384615,2.3846153846153846,26.0,Israel,0.6244,3.8190509042526983,41.639974375400385,19.915734489725523,5,4.7,5,5
VIIRS Weekly Thermal Anomalies,Israel,Q2,Asia,34.61,8.692307692307692,99.76923076923077,Israel,0.6244,13.921056521953384,159.7841620263145,55.429212043561826,5,5.0,5,5
VIIRS Weekly Thermal Anomalies,Israel,Q3,Asia,30.904615384615383,13.307692307692308,54.15384615384615,Israel,0.6244,21.312767949539253,86.72941408367417,49.49489971911497,5,5.0,5,5
VIIRS Weekly Thermal Anomalies,Israel,Q4,Asia,24.19538461538462,6.923076923076923,54.07692307692308,Israel,0.6244,11.087567141378802,86.60621889321442,38.74981520721432,5,5.0,5,5
VIIRS Weekly Thermal Anomalies,Italy,Q1,Europe,181.76923076923077,42.69230769230769,381.9230769230769,Italy,663.7759,0.0643173512209583,0.5753795474091135,0.2738412629461702,2,2.0,2,3
VIIRS Weekly Thermal Anomalies,Italy,Q2,Europe,378.33384615384614,163.30769230769232,699.9230769230769,Italy,663.7759,0.24602835431008013,1.054456898665765,0.5699722544217802,3,2.3,2,3
VIIRS Weekly Thermal Anomalies,Italy,Q3,Europe,1111.3846153846155,501.84615384615387,2234.3846153846152,Italy,663.7759,0.7560475664243819,3.366173154802118,1.6743370998926226,4,3.5,4,5
VIIRS Weekly Thermal Anomalies,Italy,Q4,Europe,227.16538461538462,71.92307692307692,512.2307692307693,Italy,663.7759,0.10835445656143425,0.7716923275321826,0.34223204641112254,2,1.8,2,3
VIIRS Weekly Thermal Anomalies,Mexico,Q1,America,4131.52,1626.0,7274.0,Mexico,2022.0035,0.8041529107145462,3.597422061831248,2.043280340513753,4,3.5,4,4
VIIRS Weekly Thermal Anomalies,Mexico,Q2,America,15894.325384615386,7657.307692307692,26014.384615384617,Mexico,2022.0035,3.7869903253420145,12.865647668455875,7.860681440272178,5,4.3,5,5
VIIRS Weekly Thermal Anomalies,Mexico,Q3,America,1351.686923076923,647.6923076923077,2484.076923076923,Mexico,2022.0035,0.3203220507245946,1.2285225634262862,0.6684889136329007,3,2.8,3,4
VIIRS Weekly Thermal Anomalies,Mexico,Q4,America,1489.9169230769232,645.3846153846154,2385.3846153846152,Mexico,2022.0035,0.3191807607576423,1.1797133958396289,0.7368518022233509,3,2.8,3,4
VIIRS Weekly Thermal Anomalies,Russia,Q1,Europe,4471.403846153846,1172.923076923077,11522.384615384615,Russia,40896.0299,0.028680609824257706,0.28174824410974464,0.10933589047854853,2,2.0,2,2
VIIRS Weekly Thermal Anomalies,Russia,Q2,Europe,28954.801538461536,10243.615384615385,64640.769230769234,Russia,40896.0299,0.2504794575332454,1.5806123330022612,0.7080100833568086,3,2.7,3,3
VIIRS Weekly Thermal Anomalies,Russia,Q3,Europe,46066.93,12249.615384615385,116679.23076923077,Russia,40896.0299,0.2995306736269621,2.853069871440767,1.1264401486560924,4,3.0,4,4
VIIRS Weekly Thermal Anomalies,Russia,Q4,Europe,4207.726153846154,1510.7692307692307,9726.692307692309,Russia,40896.0299,0.03694170887647044,0.2378395245571822,0.10288837728588794,2,2.0,2,2
VIIRS Weekly Thermal Anomalies,Saudi Arabia,Q1,Asia,80.43692307692308,23.53846153846154,337.0769230769231,Saudi Arabia,16.1889,1.4539877038255558,20.821484046286226,4.968646608288585,4,3.7,5,4
VIIRS Weekly Thermal Anomalies,Saudi Arabia,Q2,Asia,99.57692307692308,53.38461538461539,226.30769230769232,Saudi Arabia,16.1889,3.2976060995259338,13.97918896946008,6.150938178438503,5,4.5,5,5
VIIRS Weekly Thermal Anomalies,Saudi Arabia,Q3,Asia,99.34,55.0,152.30769230769232,Saudi Arabia,16.1889,3.3973895693963145,9.408155730635949,6.136303269524181,5,4.5,5,5
VIIRS Weekly Thermal Anomalies,Saudi Arabia,Q4,Asia,79.20307692307694,37.15384615384615,128.6153846153846,Saudi Arabia,16.1889,2.295019807018769,7.94466483920369,4.892431043682828,4,4.3,4,5
VIIRS Weekly Thermal Anomalies,Spain,Q1,Europe,244.0323076923077,50.15384615384615,736.5384615384615,Spain,714.2029,0.07022352633102744,1.0312734119932327,0.34168484571024244,3,2.7,2,3
VIIRS Weekly Thermal Anomalies,Spain,Q2,Europe,244.14692307692306,77.76923076923077,820.3846153846154,Spain,714.2029,0.10888954773108703,1.1486716385282325,0.3418453258547719,2,2.2,2,3
VIIRS Weekly Thermal Anomalies,Spain,Q3,Europe,456.7638461538462,161.07692307692307,1432.6923076923076,Spain,714.2029,0.22553384070118318,2.00600180661869,0.6395435332926346,3,3.0,3,4
VIIRS Weekly Thermal Anomalies,Spain,Q4,Europe,294.0153846153846,71.0,1174.5384615384614,Spain,714.2029,0.09941152577229805,1.6445445146448738,0.4116692673964004,3,2.7,3,3
VIIRS Weekly Thermal Anomalies,Uganda,Q1,Africa,5275.038461538462,1082.4615384615386,12204.076923076924,Uganda,128.3824,8.431541538883357,95.06035814159047,41.08848612846046,5,4.7,5,5
VIIRS Weekly Thermal Anomalies,Uganda,Q2,Africa,181.8653846153846,26.53846153846154,581.0769230769231,Uganda,128.3824,0.2067141721798435,4.5261416134682255,1.4165912509454928,4,3.3,4,3
VIIRS Weekly Thermal Anomalies,Uganda,Q3,Africa,504.3776923076923,76.92307692307692,1540.3846153846155,Uganda,128.3824,0.5991715135647637,11.998409559134394,3.9287136890079353,5,4.0,5,4
VIIRS Weekly Thermal Anomalies,Uganda,Q4,Africa,1826.2400000000002,177.92307692307693,5533.307692307692,Uganda,128.3824,1.3858837108752986,43.10020448525415,14.225002804122687,5,4.7,5,5
VIIRS Weekly Thermal Anomalies,Ukraine,Q1,Europe,1248.813846153846,50.0,4456.0,Ukraine,826.4796,0.060497560980331516,5.391542634567145,1.511003836215493,4,3.2,4,3
VIIRS Weekly Thermal Anomalies,Ukraine,Q2,Europe,1357.8515384615384,255.3846153846154,3367.5384615384614,Ukraine,826.4796,0.3090029268533856,4.074557268610697,1.6429341250062777,4,3.3,4,4
VIIRS Weekly Thermal Anomalies,Ukraine,Q3,Europe,3391.4100000000003,905.5384615384615,8606.692307692309,Ukraine,826.4796,1.0956573659391733,10.413677854471313,4.103440665686122,5,4.2,5,5
VIIRS Weekly Thermal Anomalies,Ukraine,Q4,Europe,1097.7123076923076,108.84615384615384,4419.692307692308,Ukraine,826.4796,0.13169853659564476,5.34761209797835,1.3281783454695162,4,3.3,4,3
VIIRS Weekly Thermal Anomalies,United Kingdom,Q1,Europe,119.08307692307692,30.0,322.7692307692308,United Kingdom,257.98,0.11628808434762383,1.2511405177503323,0.4615980964535115,3,2.5,3,3
VIIRS Weekly Thermal Anomalies,United Kingdom,Q2,Europe,172.28307692307692,57.84615384615385,435.15384615384613,United Kingdom,257.98,0.2242272805882388,1.6867735721910462,0.6678156326966311,3,2.5,3,3
VIIRS Weekly Thermal Anomalies,United Kingdom,Q3,Europe,165.75615384615384,62.30769230769231,347.7692307692308,United Kingdom,257.98,0.2415214059527572,1.3480472547066855,0.6425155199866417,3,2.7,3,4
VIIRS Weekly Thermal Anomalies,United Kingdom,Q4,Europe,93.1923076923077,32.92307692307692,196.6153846153846,United Kingdom,257.98,0.12761871820713588,0.7621342143398117,0.3612384979157597,2,2.2,2,3
VIIRS Weekly Thermal Anomalies,United States,Q1,America,5943.179999999999,2323.3076923076924,10381.76923076923,United States,17704.7843,0.13122485159605657,0.5863821357467333,0.33568214666134055,3,2.5,2,3
VIIRS Weekly Thermal Anomalies,United States,Q2,America,8614.32076923077,4761.846153846154,17450.153846153848,United States,17704.7843,0.2689581569116408,0.9856179861029907,0.4865532741469643,3,2.5,2,4
VIIRS Weekly Thermal Anomalies,United States,Q3,America,17104.975384615384,5582.923076923077,44381.230769230766,United States,17704.7843,0.315334148234897,2.5067365982668743,0.9661216479556537,4,3.2,4,4
VIIRS Weekly Thermal Anomalies,United States,Q4,America,6157.903846153846,2552.846153846154,11975.384615384615,United States,17704.7843,0.14418962188916098,0.676392573468665,0.34781015920955594,2,2.3,2,3
